barrio_key,barrio_nombre,tree_density,refugios_300m,refugios_400m,refugios_proximos,fuentes_400m,fuentes_proximas,no2_medio,pop_65plus,coverage_ratio_300m,coverage_ratio_400m,coverage_ratio,coverage_ratio_suavizado,vulnerability_index_raw,vulnerability_index,log_pop,log_pop_norm,priority_score,priority_score_norm
1701,Villaverde Alto - Casco Histórico de Villaverde,1450.9326104981674,0,0,0,3,3,28.36695017266135,8413,0.0,0.0,0.0,0.0118863663378105,6.040103011016084,0.9831753575019258,9.037652264150466,0.9167282419542385,0.9013046170154704,1.0
1801,Casco Histórico de Vallecas,251.8299875532448,0,0,0,0,0,25.07879390462244,7337,0.0,0.0,0.0,0.0136295488619326,6.108329872400705,0.9942809576399896,8.900821604915228,0.9028489151091764,0.8976854839189776,0.9959845616807368
1901,Casco Histórico de Vicálvaro,566.4267806323465,0,0,0,0,0,24.43855264693059,7361,0.0,0.0,0.0,0.0135851107186523,5.755946997172329,0.9369219757321736,8.904086913938967,0.9031801295566102,0.8462093114262198,0.9388716039515141
1005,Campamento,262.13099465044337,0,0,0,0,0,23.4870521331053,4707,0.0,0.0,0.0,0.0212449543233482,5.714454660744507,0.930168077226368,8.457018468380168,0.8578320393500375,0.7979279786253984,0.8853033298194039
1102,Opañel,2346.276812937351,0,0,0,3,3,28.260918452416803,7081,0.0,0.0,0.0,0.0141222991102951,5.371007010337237,0.8742635229734828,8.86531163267185,0.899246984710101,0.7861788368759345,0.8722676241016528
1004,Aluche,2199.7957900310025,0,0,0,3,3,24.07752256265913,19121,0.0,0.0,0.0,0.0052298519951885,4.66606495406116,0.7595168610484601,9.858594783645392,1.0,0.7595168610484601,0.8426860871560623
601,Bellas Vistas,1486.35970456091,0,0,0,4,4,24.934267918449866,5630,0.0,0.0,0.0,0.0177619893428063,5.286620365627454,0.8605275205527273,8.636042325254618,0.8759912051138475,0.7538145397626148,0.8363593456990757
903,Ciudad Universitaria,941.136653690442,0,0,0,0,0,23.37818772586981,4400,0.0,0.0,0.0,0.0227272727272727,5.282375877250288,0.8598366256507658,8.38958706681109,0.8509921800142078,0.7317142445186056,0.8118390061526181
2005,Rosas,1179.0778244841968,0,0,0,0,0,22.82352387456828,5823,0.0,0.0,0.0,0.0171732783788425,5.018290067437565,0.8168501633337711,8.669742589876522,0.8794095690248798,0.7183458500952543,0.7970067350525114
1106,Buenavista,2572.694822363449,0,0,0,4,4,25.639339612872615,7313,0.0,0.0,0.0,0.0136742786817995,4.724446279095268,0.7690198579356256,8.897545598709327,0.90251661560019,0.6940531995133997,0.7700539711109532
807,Mirasierra,1711.9044772948628,0,0,0,4,4,22.630264992074192,6551,0.0,0.0,0.0,0.0152648450618226,4.667705465973304,0.7597838947203637,8.787525625532906,0.8913568128503159,0.6772385508529433,0.7513980712708574
1603,Canillas,2258.069666310787,0,0,0,2,2,22.71338633703888,11611,0.0,0.0,0.0,0.0086125226078718,4.367885358424084,0.7109807963479764,9.35979432514452,0.9494045074934674,0.6750083727940638,0.7489236824607076
506,Castilla,1778.1262582058475,0,0,0,0,0,23.95063173293677,4107,0.0,0.0,0.0,0.0243486729973216,4.899518574691601,0.797517180994136,8.32069157104845,0.8440038112583551,0.6731075403030702,0.7468147034816717
803,Peñagrande,2871.9159414267083,0,0,0,2,2,24.117063983879827,12915,0.0,0.0,0.0,0.0077429345722028,4.2595600473718696,0.6933481870653159,9.466222131878165,0.960199941231164,0.6657528884728504,0.7386546966522675
705,Ríos Rosas,2271.842911996084,0,0,0,3,3,23.724167247611437,6572,0.0,0.0,0.0,0.0152160681679853,4.553914072602094,0.7412615460692996,8.790725628263576,0.8916814029973801,0.6609691353870801,0.7333471091890956
808,El Goloso,194.616615909349,0,0,0,0,0,21.47257298018104,1961,0.0,0.0,0.0,0.0509943906170321,5.261368398772191,0.8564171417238781,7.581719640125308,0.7690466853047622,0.6586247640809272,0.7307460226508773
1703,Butarque,1970.3016834013663,0,0,0,0,0,25.58858569525789,2286,0.0,0.0,0.0,0.0437445319335083,5.10894444516542,0.8316063934955983,7.734996194022781,0.7845941905285032,0.6524735451430068,0.723921227990123
1301,Entrevías,2847.4827211568486,0,0,0,3,3,24.678296993785477,6850,0.0,0.0,0.0,0.0145985401459854,4.374091508056024,0.7119909998779435,8.832149906002899,0.8958832470378758,0.6378608088323958,0.7077083560767417
1306,Numancia,3187.0087586064888,0,0,0,6,6,24.729679516676672,9591,0.0,0.0,0.0,0.0104264414555312,4.16866458132291,0.6785527138482199,9.16868469670735,0.9300194295354803,0.6310672078428735,0.7001708367283794
106,Sol,1504.6003730647294,0,0,0,13,13,25.137633600668774,1320,0.0,0.0,0.0,0.0757575757575757,5.318022671567061,0.8656390183719282,7.186144304522325,0.7289217644327521,0.6309831206335015,0.7000775417337854
504,Hispanoamérica,3432.9472431159443,0,0,0,5,5,26.15164989703027,7975,0.0,0.0,0.0,0.012539184952978,4.244029945388767,0.690820280911823,8.984192311641674,0.9113055672544448,0.6295483679672238,0.6984856796272442
1904,El Cañaveral,745.9529949658689,0,0,0,1,1,23.526308399970617,994,0.0,0.0,0.0,0.1006036217303823,5.433172356133952,0.8843824623303852,6.902742737158593,0.7001751150792487,0.6192225923362468,0.6870292026093306
1006,Cuatro Vientos,358.2030613598623,0,0,0,0,0,24.22723873696912,599,0.0,0.0,0.0,0.1669449081803005,5.835072686557047,0.9498016282491132,6.396929655216146,0.6488683017815209,0.6162961695513255,0.6837823283232412
806,Valverde,1966.880249766952,0,0,0,2,2,20.53145960096794,8656,0.0,0.0,0.0,0.0115526802218114,4.101047861856042,0.6675464293173601,9.066123521215774,0.9196162049641939,0.6138865139662292,0.6811088086944662
907,Aravaca,2245.0791597358866,0,0,0,9,9,22.276683092521484,5311,0.0,0.0,0.0,0.0188288457917529,4.291299415483559,0.6985145500450833,8.57772369115627,0.8700756932809549,0.6077605313973101,0.6743120138558862
1304,Palomeras Sureste,3760.8598327722207,0,0,0,4,4,26.105079088005965,9000,0.0,0.0,0.0,0.0111111111111111,4.017752407502985,0.6539880449715151,9.105090961257085,0.9235688413080626,0.6040029809236673,0.6701430010685278
2001,Simancas,2154.333068396173,0,0,0,5,5,21.972147316719056,4949,0.0,0.0,0.0,0.0202061022428773,4.283580195875402,0.6972580571534813,8.507142855562735,0.8629163732011172,0.6016753938641395,0.6675605366990061
1606,Valdefuentes,2500.888492169609,0,0,0,4,4,21.9401710065769,6965,0.0,0.0,0.0,0.0143575017946877,4.083070922285299,0.6646202401518739,8.848796450925947,0.8975717782422077,0.5965443708088806,0.6618676522308786
502,Prosperidad,3547.879436099303,0,0,0,8,8,24.57337984797345,9783,0.0,0.0,0.0,0.0102218133496882,3.915737326039222,0.6373825807922128,9.188503677367008,0.9320297546471824,0.594059530392154,0.659110714820578
1103,San Isidro,3724.467767017609,0,0,0,8,8,25.789594520463964,7940,0.0,0.0,0.0,0.0125944584382871,3.9931775345447424,0.6499878798315798,8.97979449089521,0.910859477234216,0.5920476204319692,0.6568784950779932
2102,Aeropuerto,32.66505280485351,0,0,0,0,0,24.65617247610036,298,0.0,0.0,0.0,0.3355704697986577,6.143464606723784,1.0,5.700443573390687,0.5782206996525773,0.5782206996525773,0.6415374877000685
603,Castillejos,3303.6222643829487,0,0,0,4,4,24.77120610652568,5085,0.0,0.0,0.0,0.0196656833824975,4.1018571109743975,0.6676781545196946,8.534246945982066,0.8656656585723239,0.5779860493466452,0.6412771425276349
2104,Timón,1487.150362204241,0,0,0,0,0,22.101138190129625,1737,0.0,0.0,0.0,0.0575705238917674,4.685487251297448,0.76267831773123,7.460490305825338,0.7567498684702697,0.5771567166282349,0.6403569955509596
1305,Portazgo,4138.090005536238,0,0,0,2,2,27.53827364946456,6388,0.0,0.0,0.0,0.0156543519098309,3.972902148090572,0.6466875618917678,8.762333040602343,0.8888014197660645,0.574776823154458,0.6377164970681519
602,Cuatro Caminos,3631.1173506060513,0,0,0,9,9,24.511465688311382,8027,0.0,0.0,0.0,0.0124579544038868,3.853740458202786,0.6272910653680688,8.990690709916228,0.9119647279580912,0.572067325778932,0.6347103021320847
1101,Comillas,3829.777157846689,0,0,0,3,3,26.284353567955385,5406,0.0,0.0,0.0,0.0184979652238253,3.999060014707033,0.6509453981927749,8.595449689382004,0.8718737181125608,0.567542184610596,0.6296896453165006
905,Valdemarín,998.648426515512,0,0,0,2,2,21.992037782590685,1010,0.0,0.0,0.0,0.099009900990099,4.936854175729818,0.8035944685555154,6.918695219020472,0.701793244458939,0.5639571693168319,0.6257120607950374
802,Fuentelarreina,1384.3045616716415,0,0,0,2,2,22.873647794825278,897,0.0,0.0,0.0,0.1114827201783723,4.909368155488765,0.7991204425782239,6.8001700683022,0.689770724686152,0.5512098867887,0.6115689150843868
306,Niño Jesús,2240.0802139110656,0,0,0,3,3,20.51703808773013,4256,0.0,0.0,0.0,0.0234962406015037,3.954948369171292,0.643765142692082,8.356319965828153,0.8476177537685805,0.5456667642031722,0.6054188050318243
1602,Piovera,2580.860579232421,0,0,0,0,0,22.1600665501462,2900,0.0,0.0,0.0,0.0344827586206896,4.078712697538991,0.6639108318578084,7.972810784121404,0.8087167551858049,0.5369158136727553,0.5957096008790771
501,El Viso,3388.653930560721,0,0,0,0,0,23.871551039372022,3939,0.0,0.0,0.0,0.0253871541000253,3.9010194471511066,0.634986883928914,8.27893600229198,0.8397683629340423,0.5332418960015729,0.5916333789205699
1902,Valdebernardo,3530.563093465483,0,0,0,5,5,24.808919642034773,3296,0.0,0.0,0.0,0.0303398058252427,3.964246926149283,0.6452787115938731,8.10076824307173,0.8216960348659675,0.5302229587001057,0.5882838595189452
801,El Pardo,15.177261459340803,0,0,0,0,0,18.68840520019665,873,0.0,0.0,0.0,0.1145475372279496,4.664854094011476,0.7593197637870289,6.773080375655535,0.6870228997434326,0.5216700659494629,0.5787944010282471
901,Casa de Campo,966.5827246625686,0,0,0,2,2,17.066050627746712,3485,0.0,0.0,0.0,0.0286944045911047,3.845032620070202,0.6258736504906308,8.156510226079966,0.8273501858105532,0.5178166810273527,0.5745190596515769
1502,Pueblo Nuevo,4214.784853307098,0,0,0,6,6,22.824865657461054,14389,0.0,0.0,0.0,0.0069497532837584,3.2481784204540034,0.5287209463043049,9.574288799881414,0.971161611770917,0.5134734863899332,0.5697002730222558
1509,Costillares,3757.584651881964,0,0,0,6,6,23.01771194124514,5615,0.0,0.0,0.0,0.0178094390026714,3.5445114330429868,0.576956434185957,8.633374945705647,0.8757206412447051,0.5052526585155848,0.5605792414429764
1705,Ángeles,4930.057192803785,0,0,0,8,8,26.877300674362903,8441,0.0,0.0,0.0,0.011846937566639,3.3336712845886822,0.5426370131505451,9.040974526342444,0.9170652334083845,0.4976335391209333,0.5521258071092203
704,Almagro,3904.298230281535,0,0,0,2,2,23.454788606411675,4976,0.0,0.0,0.0,0.020096463022508,3.5238932663859406,0.5736003203353978,8.512582578858554,0.8634681479129497,0.4952856062422806,0.5495207689963262
405,Lista,4054.096830051501,0,0,0,4,4,23.888372886167986,5165,0.0,0.0,0.0,0.0193610842207163,3.497603593712262,0.5693210293560201,8.549853973655786,0.8672487470363727,0.4937429493704664,0.5478091868711592
605,Valdeacederas,4116.352038459447,0,0,0,12,12,24.459658853040885,4227,0.0,0.0,0.0,0.0236574402649633,3.542340834103177,0.5766031158096399,8.349484346990128,0.8469243873215323,0.48833924058476574,0.5418137568204465
1507,Colina,3248.1723893061094,0,0,0,1,1,23.984506502930248,1535,0.0,0.0,0.0,0.0651465798045602,4.005568755108761,0.6520048558145547,7.336936913707618,0.7442173123779263,0.48523330145166527,0.5383677086426558
406,Castellana,4242.387269612279,0,0,0,3,3,23.521691260357763,4053,0.0,0.0,0.0,0.0246730816679003,3.330753795814544,0.5421621200794683,8.307459327011946,0.8426616073918918,0.45685920357316057,0.506886567480347
303,Estrella,4443.580869536022,0,0,0,5,5,22.64628030256993,7320,0.0,0.0,0.0,0.0136612021857923,3.090375651391012,0.5030346635363888,8.898502209646642,0.9026136487938965,0.45404595312438994,0.5037652582185724
1303,Palomeras Bajas,5332.772872969647,0,0,0,10,10,26.720978677086187,8188,0.0,0.0,0.0,0.0122129946262823,3.039330857284661,0.4947258675435733,9.010547069270189,0.9139788445527708,0.45216897678784224,0.5016827477097913
1508,Atalaya,3507.6742282377063,0,0,0,3,3,24.006748777308054,409,0.0,0.0,0.0,0.2444987775061124,3.850106937755819,0.6266996205271577,6.016157159698354,0.6102448971407842,0.38244024546676386,0.4243185247770671
2105,Corralejos,3708.925587563721,0,0,0,14,14,20.227802600982677,974,0.0,0.0,0.0,0.1026694045174538,3.1400404086634097,0.5111188245842186,6.882437470997847,0.6981154639214152,0.35681995534358024,0.3958927410414626
2003,Amposta,5228.895183723292,0,0,0,8,8,22.938238100244995,1683,0.0,0.0,0.0,0.05941770647653,2.66995143684582,0.4346002797710695,7.428927194802272,0.7535482853120465,0.32749229561762516,0.36335362033544755
1107,Abrantes,7056.250118106742,0,0,0,9,9,28.145777001975286,5795,0.0,0.0,0.0,0.0172562553925798,1.9619570691105608,0.3193567790662088,8.664923303440572,0.8789207279129655,0.28068929272081233,0.31142555737733946
2002,Hellín,6092.030248926265,0,0,0,7,7,22.621765536116484,2010,0.0,0.0,0.0,0.0497512437810945,2.1342186372503766,0.3473965870845186,7.606387389772652,0.7715488420713904,0.26803343450461325,0.29738384719714867
1207,Pradolongo,7238.611566594998,0,0,0,3,3,26.945813796973518,2964,0.0,0.0,0.0,0.0337381916329284,1.752757625652008,0.2853044231318078,7.994632311431825,0.8109302072841326,0.2313619749893568,0.25669676003155945
1402,Horcajo,7605.114429497612,0,0,0,7,7,24.526827059521697,970,0.0,0.0,0.0,0.1030927835051546,1.3657283329989738,0.2223058844522742,6.878326468291325,0.6976984670981619,0.1551024748092528,0.17208663073628808
1105,Puerta Bonita,2155.877678110747,0,1,1,3,3,26.14288740202724,6593,0.0,0.1516760200212346,0.1516760200212346,0.1516760200212346,0.5095655113536702,0.082944322784243,8.793915423631676,0.892004957767416,0.0739867471422056,0.08208850342651208
1802,Santa Eugenia,2468.473961403941,0,1,1,3,3,25.7408634663891,6800,0.0,0.1470588235294117,0.1470588235294117,0.1470588235294117,0.4811699719858255,0.0783222501940035,8.824824939175638,0.8951402439032493,0.07010939814171162,0.07778657383767539
505,Nueva España,2292.057009313756,1,1,1,4,4,24.813351317117373,5355,0.1867413632119514,0.1867413632119514,0.1867413632119514,0.1867413632119514,0.4750169946467572,0.0773207017627918,8.585972706811063,0.8709124266933553,0.0673395600058662,0.07471343065882725
1505,San Pascual,1949.2277248580765,1,1,1,4,4,22.59765021218252,5230,0.1912045889101338,0.1912045889101338,0.1912045889101338,0.1912045889101338,0.4523950613752794,0.0736384256011096,8.562357743370612,0.8685170585948889,0.06395622880263427,0.07095961520136815
902,Argüelles,2731.2408423888683,1,1,1,7,7,24.00436165450406,6150,0.1626016260162601,0.1626016260162601,0.1626016260162601,0.1626016260162601,0.432593498041196,0.0704152340306053,8.724369949208368,0.8849506588587441,0.062314007749076826,0.069137566337361
1002,Puerta del Ángel,2704.8692170280165,0,1,1,2,2,22.86187616546696,8782,0.0,0.113869278068777,0.113869278068777,0.113869278068777,0.41354472008891,0.0673145768002474,9.080573313917117,0.921081910069075,0.062002238974663317,0.06879165800789311
702,Arapiles,2912.3371928849624,1,1,1,5,5,24.143656159387263,5996,0.1667778519012675,0.1667778519012675,0.1667778519012675,0.1667778519012675,0.423932128141988,0.0690053830013134,8.69901462316851,0.8823787582383921,0.060888884164463565,0.06755638772392801
402,Goya,3189.693254810576,0,1,1,5,5,24.34571845879558,7376,0.0,0.1355748373101952,0.1355748373101952,0.1355748373101952,0.4102270637903916,0.0667745466200641,8.906122330884303,0.9033865907196872,0.06032323001795252,0.06692879286217737
304,Ibiza,2626.1834578031653,1,1,1,6,6,22.687705840099383,5604,0.1784439685938615,0.1784439685938615,0.1784439685938615,0.1784439685938615,0.4149555135887994,0.0675442181492584,8.63141433550626,0.8755217680541121,0.059136433295871364,0.06561203857103544
2103,Casco Histórico de Barajas,2963.264993972637,1,1,1,20,20,27.22916088856641,1664,0.6009615384615384,0.6009615384615384,0.6009615384615384,0.6009615384615384,0.4745665091861738,0.0772473741716977,7.417580402414544,0.7523973309786206,0.05812071815189219,0.06448509977054137
1202,Orcasur,2855.082462186378,1,1,1,2,2,25.543361876393146,2308,0.4332755632582322,0.4332755632582322,0.4332755632582322,0.4332755632582322,0.4522459467557292,0.0736141535284118,7.744569809354496,0.7855652838274789,0.057828723410266424,0.06416113078590147
104,Justicia,2808.983095602214,1,1,1,10,10,24.21018498004249,3014,0.33178500331785,0.33178500331785,0.33178500331785,0.33178500331785,0.4314936737711589,0.0702362105739008,8.011355109161286,0.8126264731411289,0.05707580408546667,0.06332576468371402
103,Cortes,2289.3376641753625,0,1,1,10,10,23.487156886254574,1977,0.0,0.5058168942842691,0.5058168942842691,0.5058168942842691,0.4497920447251568,0.0732147206045391,7.589841512182657,0.7698705219909827,0.05636585516924047,0.06253807437033575
1206,Zofío,3932.6874688650414,1,1,1,4,4,28.892459982679306,2652,0.3770739064856712,0.3770739064856712,0.3770739064856712,0.3770739064856712,0.431990195759342,0.0703170317424056,7.88344635413774,0.7996521337113619,0.0562291644690642,0.06238641565518471
703,Trafalgar,3319.2859979027085,0,1,1,10,10,23.879186774312146,5491,0.0,0.1821161901293025,0.1821161901293025,0.1821161901293025,0.3944590918497915,0.0642079212791543,8.61104776688786,0.8734558987222895,0.05608278758597373,0.06222401009292855
1404,Media Legua,3359.467717211641,1,1,1,10,10,24.11440000479005,5184,0.1929012345679012,0.1929012345679012,0.1929012345679012,0.1929012345679012,0.3958687995425856,0.0644373858863486,8.553525120663627,0.8676211273895982,0.05590723738875236,0.062029236656836906
1204,Almendrales,3326.3256641726707,1,1,1,5,5,25.02487250222244,3636,0.275027502750275,0.275027502750275,0.275027502750275,0.275027502750275,0.4129344964737027,0.0672152478947729,8.19891444498699,0.831651429531146,0.055899656997978234,0.062020826192016223
1503,Quintana,2731.22978304594,1,1,1,6,6,21.17689422315668,5699,0.1754693805930865,0.1754693805930865,0.1754693805930865,0.1754693805930865,0.3816390223523743,0.0621211395821643,8.648221453822641,0.877226586913719,0.05449431525085272,0.06046159558274776
906,El Plantío,650.2798553771185,0,1,1,1,1,21.680225676340264,655,0.0,1.5267175572519085,1.5267175572519085,1.5267175572519085,0.5059835400553025,0.082361268835426,6.486160788944089,0.6579194024389868,0.05418707677632022,0.06012071363370163
1803,Ensanche de Vallecas,3884.803634120903,0,1,1,1,1,25.929451700588668,3990,0.0,0.2506265664160401,0.2506265664160401,0.2506265664160401,0.3908607023434351,0.0636221948630831,8.291797105048733,0.8410729203318257,0.05351090523141378,0.0593704994085205
404,Guindalera,4032.9673747087454,1,1,1,5,5,23.678542190978604,10274,0.0973330737784699,0.0973330737784699,0.0973330737784699,0.0973330737784699,0.3479664796497294,0.0566401048797275,9.237469039364436,0.9369965235500547,0.053071581365815156,0.05888306834769516
2006,Rejas,2311.388397328389,1,1,1,3,3,21.59307691019725,2428,0.4118616144975288,0.4118616144975288,0.4118616144975288,0.4118616144975288,0.4123027804355419,0.067112420568728,7.795234929002173,0.7907044665162457,0.05306609070240999,0.05887697644125032
1605,Apóstol Santiago,3222.2193753263546,1,1,1,15,15,22.66459113137264,3590,0.2785515320334262,0.2785515320334262,0.2785515320334262,0.2785515320334262,0.3800163659054067,0.06185701232648,8.186185994226083,0.8303603276002681,0.05136360901978976,0.056988068240316284
201,Imperial,3968.2567764288,1,1,1,4,4,24.15056386649666,5783,0.1729206294310911,0.1729206294310911,0.1729206294310911,0.1729206294310911,0.3588961201364442,0.0584191727488177,8.6628507638386,0.8787105012379214,0.05133354056801832,0.05695470720875848
205,Delicias,2983.846116812416,1,1,1,3,3,20.1857627959566,5496,0.1819505094614265,0.1819505094614265,0.1819505094614265,0.1819505094614265,0.3507483511717346,0.0570929229067022,8.61195776786066,0.8735482040652689,0.049873420269986556,0.055334699643650564
1001,Los Cármenes,4373.842857220189,0,1,1,4,4,24.801182772999443,3371,0.0,0.2966478789676653,0.2966478789676653,0.2966478789676653,0.3428632086253887,0.0558094219750429,8.123261319121745,0.8239776050637131,0.045985713858986005,0.05102127847881277
1406,Vinateros,4839.051720636373,0,1,1,7,7,25.539363510201063,4650,0.0,0.2150537634408602,0.2150537634408602,0.2150537634408602,0.3227108760156275,0.0525291340756538,8.444837529224097,0.8565964738943725,0.04499627102592978,0.049923488880960036
302,Adelfas,4176.100401773349,1,1,1,5,5,22.438778813306037,4611,0.2168726957276079,0.2168726957276079,0.2168726957276079,0.2168726957276079,0.3215413809984713,0.052338769990887,8.436416881388949,0.8557423310859961,0.044788501038175416,0.049692967496921904
1003,Lucero,4618.238220318574,1,1,1,5,5,22.74161728542698,8200,0.1219512195121951,0.1219512195121951,0.1219512195121951,0.1219512195121951,0.3001897963634584,0.048863274321612,9.012011377036412,0.9141273756363947,0.04466725672061641,0.04955844658659917
2101,Alameda de Osuna,3886.244402849834,0,1,1,4,4,20.575678295763527,5457,0.0,0.1832508704416346,0.1832508704416346,0.1832508704416346,0.3100821467048424,0.0504734977011944,8.604837701268284,0.8728259848495864,0.04405458033984834,0.04887868042408149
1601,Palomas,3556.2000763216,1,1,1,4,4,21.592826598224512,1325,0.7547169811320755,0.7547169811320755,0.7547169811320755,0.7547169811320755,0.3436199277364279,0.0559325966263969,7.189922170745808,0.729304969778584,0.04079192069225212,0.0452587503959851
1405,Fontarrón,5279.01563624572,0,1,1,6,6,25.373348686313356,4110,0.0,0.24330900243309,0.24330900243309,0.24330900243309,0.2920898402992608,0.047544807205299,8.321421586897879,0.8440778599301435,0.04013151911664005,0.04452603299595792
1903,Valderrivas,4568.326656187251,0,1,1,3,3,24.44476240548275,1542,0.0,0.648508430609598,0.648508430609598,0.648508430609598,0.3257887413520858,0.0530301323776689,7.341483852363161,0.7446785280740097,0.03949040092257236,0.04381471056182832
606,Berruguete,709.9753128172118,1,2,2,5,5,24.466290636888854,4502,0.2221235006663705,0.444247001332741,0.444247001332741,0.444247001332741,0.2836371495866503,0.0461689238473385,8.412499120301572,0.8533162489097558,0.03939669291361106,0.04371074126311154
1201,Orcasitas,5683.584034561334,0,1,1,7,7,26.61877825241929,4627,0.0,0.2161227577263886,0.2161227577263886,0.2161227577263886,0.278910842894859,0.0453996011614687,8.439880088313567,0.8560936191752847,0.038866308867436195,0.043122278676587626
1403,Marroquina,9385.453867577851,0,0,0,11,11,25.351596373594685,8211,0.0,0.0,0.0,0.0121787845573011,0.258431582352984,0.0420660976983802,9.013351778138825,0.9142633383300471,0.03845949091223899,0.042670913014505124
1104,Vista Alegre,2101.023651929965,1,2,2,0,0,25.402324610430068,10926,0.091524803221673,0.1830496064433461,0.1830496064433461,0.1830496064433461,0.2493455470582647,0.0405871219287835,9.298992069570746,0.9432370711693129,0.03828327801529754,0.042475404311215714
1302,San Diego,1953.511323623025,2,2,2,5,5,24.42084898956977,6203,0.3224246332419797,0.3224246332419797,0.3224246332419797,0.3224246332419797,0.2443137087740435,0.0397680664598688,8.73294952429643,0.885820922347238,0.03522738531144724,0.03908488278701737
1007,Águilas,2744.346233092437,2,2,2,4,4,24.11699866177976,14221,0.140637085999578,0.140637085999578,0.140637085999578,0.140637085999578,0.2169079071943303,0.0353070980431681,9.562545340443464,0.9699704217792732,0.034246840780733916,0.03799696588056654
706,Vallehermoso,2392.357157560679,1,2,2,1,1,25.326653794285964,5593,0.1787949222242088,0.3575898444484177,0.3575898444484177,0.3575898444484177,0.2391764310208298,0.0389318481234612,8.629449873761905,0.8753225041846188,0.034077922791963304,0.03780955089834891
207,Atocha,2704.9761754247347,0,1,1,5,5,20.4851551940245,250,0.0,4.0,4.0,4.0,0.3705470067668031,0.0603156411711485,5.5254529391317835,0.5604706411402628,0.03380514607797963,0.037506904369268734
102,Embajadores,2188.203938338596,1,2,2,8,8,23.42933265692929,6783,0.1474273920094353,0.2948547840188706,0.2948547840188706,0.2948547840188706,0.2273694680441204,0.0370099744361306,8.822322177471738,0.8948863779356521,0.03311972197063999,0.0367464244001221
805,La Paz,2953.004456740867,1,2,2,17,17,23.775061962101727,12149,0.0823113013416742,0.1646226026833484,0.1646226026833484,0.1646226026833484,0.2074948274559214,0.0337748877447468,9.405084448768694,0.9539984810381865,0.03222119160572371,0.035749502440605666
2007,Canillejas,2015.3893175740727,1,2,2,7,7,22.04630707898997,7126,0.1403311815885489,0.2806623631770979,0.2806623631770979,0.2806623631770979,0.2188152608731501,0.0356175667771676,8.871645667501872,0.8998894733171517,0.03205187340794383,0.03556164342537001
904,Valdezarza,3260.210845952016,2,2,2,12,12,24.22619392049357,7949,0.2516039753428104,0.2516039753428104,0.2516039753428104,0.2516039753428104,0.2019240165799263,0.0328681012272665,8.980927207648378,0.9109743736041375,0.029941997927066484,0.033220730662863726
701,Gaztambide,3157.09540876178,0,2,2,4,4,24.111295795207475,5929,0.0,0.3373250126496879,0.3373250126496879,0.3373250126496879,0.2041426299419724,0.0332292351320045,8.68777949199177,0.881239130185581,0.029282902264459794,0.03248946217697803
1604,Pinar del Rey,3397.294541498502,1,2,2,10,10,22.637109378299044,14142,0.0707113562438127,0.1414227124876255,0.1414227124876255,0.1414227124876255,0.1847146439382803,0.0300668524623902,9.5569750810205,0.9694054062222687,0.02914696932512839,0.032338644199609266
1205,Moscardó,4036.1479377687942,2,2,2,6,6,26.31988060093988,5132,0.3897116134060795,0.3897116134060795,0.3897116134060795,0.3897116134060795,0.1932841028040591,0.0314617427098899,8.543445562560303,0.8665987141223397,0.02726470577643848,0.030250267514130017
206,Palos de la Frontera,2999.498905609684,2,2,2,4,4,21.679108467646262,5732,0.3489183531053733,0.3489183531053733,0.3489183531053733,0.3489183531053733,0.187914863676227,0.0305877669532858,8.653994232908383,0.8778121449179204,0.02685031331751329,0.029790497918921036
301,Pacífico,3258.818507029989,2,2,2,5,5,20.949196896341533,9234,0.2165908598657136,0.2165908598657136,0.2165908598657136,0.2165908598657136,0.1746476873623007,0.0284282076226427,9.13075589263334,0.926172146539639,0.026329414076137515,0.029212558749918825
101,Palacio,3880.520428836583,1,2,2,12,12,24.105986641759007,4862,0.2056766762649115,0.4113533525298231,0.4113533525298231,0.4113533525298231,0.1818187971174815,0.0295954821516328,8.489410810403786,0.8611177350028656,0.02548519455673177,0.028275894825793766
403,Fuente del Berro,3763.888314314252,0,2,2,11,11,23.384499224395856,5307,0.0,0.3768607499528923,0.3768607499528923,0.3768607499528923,0.1798613416733518,0.0292768581227766,8.576970395452099,0.8699992832325958,0.025470845582118044,0.028259974598222715
1702,San Cristóbal,3851.297619769861,0,2,2,5,5,26.35748282044684,2001,0.0,0.9995002498750624,0.9995002498750624,0.9995002498750624,0.1997846633661789,0.0325198688615414,7.601901959875166,0.7710938654752403,0.02507587138519386,0.027821749619156167
2004,Arcos,3807.862140648183,0,2,2,4,4,23.35467641135208,4576,0.0,0.4370629370629371,0.4370629370629371,0.4370629370629371,0.1783199322998716,0.02902595582706,8.428799040653642,0.8549696204814438,0.02481631043757264,0.027533766019914533
1704,Los Rosales,4684.091350526278,1,2,2,7,7,25.943905357651055,7139,0.1400756408460568,0.2801512816921137,0.2801512816921137,0.2801512816921137,0.1690473677967131,0.0275166178399884,8.87346805533363,0.9000743260138852,0.024767001256509207,0.027479057345252782
204,Legazpi,6501.370759417634,1,1,1,10,10,22.25123245339872,2846,0.3513703443429374,0.3513703443429374,0.3513703443429374,0.3513703443429374,0.1866535834818776,0.0303824625729254,7.954021087278037,0.8068108347929172,0.024512899991526504,0.02719713127920852
1401,Pavones,4224.226676506715,1,2,2,1,1,25.13033240056737,2586,0.3866976024748647,0.7733952049497294,0.7733952049497294,0.7733952049497294,0.178510197064263,0.0290569260981646,7.8582541821860294,0.7970967825173456,0.023161182302691295,0.025697396712984714
1501,Ventas,2536.557451078568,0,3,3,2,2,23.56682858020087,11646,0.0,0.2575991756826378,0.2575991756826378,0.2575991756826378,0.1454771380570509,0.0236799830990857,9.362803915102651,0.9497097832476878,0.02248911161634159,0.024951732401871828
105,Universidad,2268.924196113518,1,3,3,8,8,24.318633294855942,5547,0.1802776275464215,0.5408328826392645,0.5408328826392645,0.5408328826392645,0.1556612304932072,0.0253376946817341,8.621192781434722,0.8744849515203303,0.022157432705393176,0.02458373372008684
1506,San Juan Bautista,4283.548295414515,2,2,2,7,7,23.475752080594265,2993,0.6682258603407952,0.6682258603407952,0.6682258603407952,0.6682258603407952,0.1649779620218042,0.026854221938748,8.004365564979574,0.8119174933792964,0.021803412563159586,0.024190947379542097
1203,San Fermín,5008.137028621571,1,2,2,5,5,25.01785400806188,3815,0.2621231979030144,0.5242463958060288,0.5242463958060288,0.5242463958060288,0.1526563937459238,0.0248485835791822,8.246958032568177,0.8365246988596398,0.02078645389566398,0.02306262888621949
503,Ciudad Jardín,3249.3369850758577,3,3,3,10,10,25.88124849851942,4545,0.6600660066006601,0.6600660066006601,0.6600660066006601,0.6600660066006601,0.144052229538563,0.0234480441835545,8.422003004412488,0.854280269068763,0.02003120149426318,0.02222467422900082
401,Recoletos,3609.939036716125,0,3,3,0,0,25.583303558449472,3900,0.0,0.7692307692307693,0.7692307692307693,0.7692307692307693,0.1345366874693812,0.0218991556201261,8.268988209506656,0.8387593151941122,0.01836812077126626,0.020379481503256275
2008,El Salvador,7333.614481532313,0,1,1,5,5,21.39571898684351,3007,0.0,0.3325573661456601,0.3325573661456601,0.3325573661456601,0.1339801842005026,0.0218085710225898,8.00903068506973,0.8123906967305382,0.017717080207739155,0.019657150172387335
804,Pilar,4519.473471363561,3,3,3,16,16,25.181500248051428,12991,0.2309291047648372,0.2309291047648372,0.2309291047648372,0.2309291047648372,0.1129169679681754,0.0183800144049975,9.472089062401459,0.9607950494237663,0.01765942684865911,0.01959318360881757
1504,La Concepción,3466.489020895902,1,3,3,8,8,21.77599147920921,5260,0.1901140684410646,0.5703422053231939,0.5703422053231939,0.5703422053231939,0.1171754058660812,0.0190731799346312,8.568076401730806,0.8690971268993173,0.016576445882021687,0.018391613189458634
604,Almenara,2259.4295083107745,2,4,4,10,10,24.650986564270436,4477,0.4467277194549922,0.8934554389099844,0.8934554389099844,0.8934554389099844,0.1184909502889124,0.0192873171531302,8.4069317971587,0.852751531192368,0.016447289234924604,0.018248313527325796
202,Acacias,6612.405877948182,1,2,2,11,11,23.86186212514045,10246,0.0975990630489947,0.1951981260979894,0.1951981260979894,0.1951981260979894,0.0966972916796899,0.0157398630690992,9.234740258799718,0.9367197315097484,0.014743840308086805,0.01635833216622004
203,Chopera,3631.643702057008,3,5,5,7,7,22.87429873900725,4675,0.6417112299465241,1.0695187165775402,1.0695187165775402,1.0695187165775402,0.0719206849270397,0.0117068607912749,8.450198322591959,0.8571402424014983,0.010034421496393964,0.011133218788583803
305,Los Jerónimos,9784.41935093511,1,1,1,8,8,16.376368907896996,1765,0.56657223796034,0.56657223796034,0.56657223796034,0.56657223796034,0.0,0.0,7.476472381163905,0.7583709996445706,0.0,0.0
